experiment_id,scenario_id,replication,seed,policy,run_kind,total_cost,transport_cost,reroute_cost,expedite_cost,holding_cost,backlog_cost,late_cost,terminal_cost,same_day_fill_rate,final_fulfilment_rate,ending_backlog_units,backlog_unit_days,late_delivered_units,late_delivery_rate,average_lateness_days_weighted,reroute_count,expedite_count,expedited_units,decision_count,invalid_action_rate,abstention_rate,fallback_rate,mean_decision_latency_ms,days_to_clear_backlog_after_shock,terminated_with_unresolved_state
compact_light_comparison,primary_port_partial_capacity,1,2043,heuristic,UNDISRUPTED,154423.600000,25728.000000,0.000000,0.000000,1396.600000,86169.000000,0.000000,41130.000000,0.000000,0.720831,457,28723,0,0.000000,0.000000,0,0,0,0,0.000000,0.000000,0.000000,0.000000,,True
compact_light_comparison,primary_port_partial_capacity,1,2043,heuristic,DISRUPTED,154423.600000,25728.000000,0.000000,0.000000,1396.600000,86169.000000,0.000000,41130.000000,0.000000,0.720831,457,28723,0,0.000000,0.000000,0,0,0,8,0.000000,0.000000,0.000000,0.005828,,True
compact_light_comparison,primary_port_partial_capacity,1,2043,llm_agent,UNDISRUPTED,154423.600000,25728.000000,0.000000,0.000000,1396.600000,86169.000000,0.000000,41130.000000,0.000000,0.720831,457,28723,0,0.000000,0.000000,0,0,0,0,0.000000,0.000000,0.000000,0.000000,,True
compact_light_comparison,primary_port_partial_capacity,1,2043,llm_agent,DISRUPTED,154983.600000,25728.000000,560.000000,0.000000,1396.600000,86169.000000,0.000000,41130.000000,0.000000,0.720831,457,28723,0,0.000000,0.000000,7,0,0,8,0.000000,0.000000,0.000000,2917.781568,,True
compact_light_comparison,primary_port_partial_capacity,2,2044,heuristic,UNDISRUPTED,120251.200000,26019.000000,0.000000,0.000000,1292.200000,65940.000000,0.000000,27000.000000,0.000000,0.810964,300,21980,0,0.000000,0.000000,0,0,0,0,0.000000,0.000000,0.000000,0.000000,,True
compact_light_comparison,primary_port_partial_capacity,2,2044,heuristic,DISRUPTED,120251.200000,26019.000000,0.000000,0.000000,1292.200000,65940.000000,0.000000,27000.000000,0.000000,0.810964,300,21980,0,0.000000,0.000000,0,0,0,10,0.000000,0.000000,0.000000,0.009016,,True
compact_light_comparison,primary_port_partial_capacity,2,2044,llm_agent,UNDISRUPTED,120251.200000,26019.000000,0.000000,0.000000,1292.200000,65940.000000,0.000000,27000.000000,0.000000,0.810964,300,21980,0,0.000000,0.000000,0,0,0,0,0.000000,0.000000,0.000000,0.000000,,True
compact_light_comparison,primary_port_partial_capacity,2,2044,llm_agent,DISRUPTED,120975.200000,26019.000000,724.000000,0.000000,1292.200000,65940.000000,0.000000,27000.000000,0.000000,0.810964,300,21980,0,0.000000,0.000000,9,0,0,10,0.000000,0.000000,0.000000,2637.518408,,True
compact_light_comparison,primary_port_partial_capacity,3,2045,heuristic,UNDISRUPTED,131335.100000,26584.000000,0.000000,0.000000,1386.100000,72765.000000,0.000000,30600.000000,0.000000,0.782886,340,24255,0,0.000000,0.000000,0,0,0,0,0.000000,0.000000,0.000000,0.000000,,True
compact_light_comparison,primary_port_partial_capacity,3,2045,heuristic,DISRUPTED,131335.100000,26584.000000,0.000000,0.000000,1386.100000,72765.000000,0.000000,30600.000000,0.000000,0.782886,340,24255,0,0.000000,0.000000,0,0,0,8,0.000000,0.000000,0.000000,0.009656,,True
compact_light_comparison,primary_port_partial_capacity,3,2045,llm_agent,UNDISRUPTED,131335.100000,26584.000000,0.000000,0.000000,1386.100000,72765.000000,0.000000,30600.000000,0.000000,0.782886,340,24255,0,0.000000,0.000000,0,0,0,0,0.000000,0.000000,0.000000,0.000000,,True
compact_light_comparison,primary_port_partial_capacity,3,2045,llm_agent,DISRUPTED,131949.100000,26584.000000,614.000000,0.000000,1386.100000,72765.000000,0.000000,30600.000000,0.000000,0.782886,340,24255,0,0.000000,0.000000,7,0,0,8,0.000000,0.125000,0.125000,2486.726109,,True
compact_light_comparison,primary_port_partial_capacity,4,2046,heuristic,UNDISRUPTED,109952.300000,25748.000000,0.000000,0.000000,1360.800000,58848.000000,55.500000,23940.000000,0.000000,0.822311,266,19616,37,0.017043,1.000000,0,0,0,1,0.000000,0.000000,0.000000,0.020833,,True
compact_light_comparison,primary_port_partial_capacity,4,2046,heuristic,DISRUPTED,109952.300000,25748.000000,0.000000,0.000000,1360.800000,58848.000000,55.500000,23940.000000,0.000000,0.822311,266,19616,37,0.017043,1.000000,0,0,0,9,0.000000,0.000000,0.000000,0.009005,,True
compact_light_comparison,primary_port_partial_capacity,4,2046,llm_agent,UNDISRUPTED,109952.300000,25748.000000,0.000000,0.000000,1360.800000,58848.000000,55.500000,23940.000000,0.000000,0.822311,266,19616,37,0.017043,1.000000,0,0,0,1,0.000000,0.000000,0.000000,2219.761250,,True
compact_light_comparison,primary_port_partial_capacity,4,2046,llm_agent,DISRUPTED,110572.300000,25748.000000,620.000000,0.000000,1360.800000,58848.000000,55.500000,23940.000000,0.000000,0.822311,266,19616,37,0.017043,1.000000,8,0,0,9,0.000000,0.000000,0.000000,2499.321329,,True
compact_light_comparison,primary_port_partial_capacity,5,2047,heuristic,UNDISRUPTED,134647.100000,26892.000000,0.000000,0.000000,1378.100000,75147.000000,0.000000,31230.000000,0.000000,0.785670,347,25049,0,0.000000,0.000000,0,0,0,0,0.000000,0.000000,0.000000,0.000000,,True
compact_light_comparison,primary_port_partial_capacity,5,2047,heuristic,DISRUPTED,134647.100000,26892.000000,0.000000,0.000000,1378.100000,75147.000000,0.000000,31230.000000,0.000000,0.785670,347,25049,0,0.000000,0.000000,0,0,0,14,0.000000,0.000000,0.000000,0.009098,,True
compact_light_comparison,primary_port_partial_capacity,5,2047,llm_agent,UNDISRUPTED,134647.100000,26892.000000,0.000000,0.000000,1378.100000,75147.000000,0.000000,31230.000000,0.000000,0.785670,347,25049,0,0.000000,0.000000,0,0,0,0,0.000000,0.000000,0.000000,0.000000,,True
compact_light_comparison,primary_port_partial_capacity,5,2047,llm_agent,DISRUPTED,135759.100000,26892.000000,1112.000000,0.000000,1378.100000,75147.000000,0.000000,31230.000000,0.000000,0.785670,347,25049,0,0.000000,0.000000,13,0,0,14,0.000000,0.000000,0.000000,2628.696824,,True
compact_light_comparison,primary_port_partial_capacity,6,2048,heuristic,UNDISRUPTED,113739.800000,26846.000000,0.000000,0.000000,1315.800000,60378.000000,0.000000,25200.000000,0.000000,0.826947,280,20126,0,0.000000,0.000000,0,0,0,0,0.000000,0.000000,0.000000,0.000000,,True
compact_light_comparison,primary_port_partial_capacity,6,2048,heuristic,DISRUPTED,114137.300000,26846.000000,0.000000,0.000000,1315.800000,60696.000000,79.500000,25200.000000,0.000000,0.826947,280,20232,53,0.023503,1.000000,0,0,0,11,0.000000,0.000000,0.000000,0.009527,,True
compact_light_comparison,primary_port_partial_capacity,6,2048,llm_agent,UNDISRUPTED,113739.800000,26846.000000,0.000000,0.000000,1315.800000,60378.000000,0.000000,25200.000000,0.000000,0.826947,280,20126,0,0.000000,0.000000,0,0,0,0,0.000000,0.000000,0.000000,0.000000,,True
compact_light_comparison,primary_port_partial_capacity,6,2048,llm_agent,DISRUPTED,114693.300000,26846.000000,556.000000,0.000000,1315.800000,60696.000000,79.500000,25200.000000,0.000000,0.826947,280,20232,53,0.023503,1.000000,7,0,0,11,0.000000,0.272727,0.272727,2607.951924,,True
compact_light_comparison,primary_port_partial_capacity,7,2049,heuristic,UNDISRUPTED,122499.500000,26203.000000,0.000000,0.000000,1343.500000,68613.000000,150.000000,26190.000000,0.000000,0.809928,291,22871,65,0.030009,1.538462,0,0,0,1,0.000000,0.000000,0.000000,0.014833,,True
compact_light_comparison,primary_port_partial_capacity,7,2049,heuristic,DISRUPTED,122745.500000,26203.000000,0.000000,0.000000,1343.500000,68859.000000,150.000000,26190.000000,0.000000,0.809928,291,22953,65,0.030009,1.538462,0,0,0,22,0.000000,0.000000,0.000000,0.005813,,True
compact_light_comparison,primary_port_partial_capacity,7,2049,llm_agent,UNDISRUPTED,122499.500000,26203.000000,0.000000,0.000000,1343.500000,68613.000000,150.000000,26190.000000,0.000000,0.809928,291,22871,65,0.030009,1.538462,0,0,0,1,0.000000,0.000000,0.000000,2631.454750,,True
compact_light_comparison,primary_port_partial_capacity,7,2049,llm_agent,DISRUPTED,123945.500000,26203.000000,1200.000000,0.000000,1343.500000,68859.000000,150.000000,26190.000000,0.000000,0.809928,291,22953,65,0.030009,1.538462,16,0,0,22,0.000000,0.000000,0.000000,2541.881021,,True
compact_light_comparison,primary_port_partial_capacity,8,2050,heuristic,UNDISRUPTED,122806.700000,26394.000000,0.000000,0.000000,1246.700000,67536.000000,0.000000,27630.000000,0.000000,0.805450,307,22512,0,0.000000,0.000000,0,0,0,0,0.000000,0.000000,0.000000,0.000000,,True
compact_light_comparison,primary_port_partial_capacity,8,2050,heuristic,DISRUPTED,122806.700000,26394.000000,0.000000,0.000000,1246.700000,67536.000000,0.000000,27630.000000,0.000000,0.805450,307,22512,0,0.000000,0.000000,0,0,0,20,0.000000,0.000000,0.000000,0.007579,,True
compact_light_comparison,primary_port_partial_capacity,8,2050,llm_agent,UNDISRUPTED,122806.700000,26394.000000,0.000000,0.000000,1246.700000,67536.000000,0.000000,27630.000000,0.000000,0.805450,307,22512,0,0.000000,0.000000,0,0,0,0,0.000000,0.000000,0.000000,0.000000,,True
compact_light_comparison,primary_port_partial_capacity,8,2050,llm_agent,DISRUPTED,124172.700000,26394.000000,1366.000000,0.000000,1246.700000,67536.000000,0.000000,27630.000000,0.000000,0.805450,307,22512,0,0.000000,0.000000,17,0,0,20,0.000000,0.000000,0.000000,2748.896706,,True
compact_light_comparison,primary_port_partial_capacity,9,2051,heuristic,UNDISRUPTED,139119.600000,25957.000000,0.000000,0.000000,1403.600000,76695.000000,54.000000,35010.000000,0.000000,0.760025,389,25565,36,0.016598,1.000000,0,0,0,1,0.000000,0.000000,0.000000,0.015667,,True
compact_light_comparison,primary_port_partial_capacity,9,2051,heuristic,DISRUPTED,139119.600000,25957.000000,0.000000,0.000000,1403.600000,76695.000000,54.000000,35010.000000,0.000000,0.760025,389,25565,36,0.016598,1.000000,0,0,0,9,0.000000,0.000000,0.000000,0.006912,,True
compact_light_comparison,primary_port_partial_capacity,9,2051,llm_agent,UNDISRUPTED,139119.600000,25957.000000,0.000000,0.000000,1403.600000,76695.000000,54.000000,35010.000000,0.000000,0.760025,389,25565,36,0.016598,1.000000,0,0,0,1,0.000000,0.000000,0.000000,2297.116834,,True
compact_light_comparison,primary_port_partial_capacity,9,2051,llm_agent,DISRUPTED,139741.600000,25957.000000,622.000000,0.000000,1403.600000,76695.000000,54.000000,35010.000000,0.000000,0.760025,389,25565,36,0.016598,1.000000,8,0,0,9,0.000000,0.000000,0.000000,2519.099519,,True
compact_light_comparison,primary_port_partial_capacity,10,2052,heuristic,UNDISRUPTED,124027.300000,25817.000000,0.000000,0.000000,1304.300000,67566.000000,0.000000,29340.000000,0.000000,0.794969,326,22522,0,0.000000,0.000000,0,0,0,0,0.000000,0.000000,0.000000,0.000000,,True
compact_light_comparison,primary_port_partial_capacity,10,2052,heuristic,DISRUPTED,124510.300000,25817.000000,0.000000,0.000000,1304.300000,68049.000000,0.000000,29340.000000,0.000000,0.794969,326,22683,0,0.000000,0.000000,0,0,0,23,0.000000,0.000000,0.000000,0.007719,,True
compact_light_comparison,primary_port_partial_capacity,10,2052,llm_agent,UNDISRUPTED,124027.300000,25817.000000,0.000000,0.000000,1304.300000,67566.000000,0.000000,29340.000000,0.000000,0.794969,326,22522,0,0.000000,0.000000,0,0,0,0,0.000000,0.000000,0.000000,0.000000,,True
compact_light_comparison,primary_port_partial_capacity,10,2052,llm_agent,DISRUPTED,125814.300000,25817.000000,1304.000000,0.000000,1304.300000,68049.000000,0.000000,29340.000000,0.000000,0.794969,326,22683,0,0.000000,0.000000,16,0,0,23,0.000000,0.000000,0.000000,2425.176846,,True
compact_light_comparison,primary_port_partial_capacity,11,2053,heuristic,UNDISRUPTED,132454.500000,26573.000000,0.000000,0.000000,1331.500000,73590.000000,0.000000,30960.000000,0.000000,0.789474,344,24530,0,0.000000,0.000000,0,0,0,0,0.000000,0.000000,0.000000,0.000000,,True
compact_light_comparison,primary_port_partial_capacity,11,2053,heuristic,DISRUPTED,133048.500000,26573.000000,0.000000,0.000000,1331.500000,74184.000000,0.000000,30960.000000,0.000000,0.789474,344,24728,0,0.000000,0.000000,0,0,0,26,0.000000,0.000000,0.000000,0.007048,,True
compact_light_comparison,primary_port_partial_capacity,11,2053,llm_agent,UNDISRUPTED,132454.500000,26573.000000,0.000000,0.000000,1331.500000,73590.000000,0.000000,30960.000000,0.000000,0.789474,344,24530,0,0.000000,0.000000,0,0,0,0,0.000000,0.000000,0.000000,0.000000,,True
compact_light_comparison,primary_port_partial_capacity,11,2053,llm_agent,DISRUPTED,134480.500000,26573.000000,1432.000000,0.000000,1331.500000,74184.000000,0.000000,30960.000000,0.000000,0.789474,344,24728,0,0.000000,0.000000,18,0,0,26,0.000000,0.000000,0.000000,2512.787461,,True
compact_light_comparison,primary_port_partial_capacity,12,2054,heuristic,UNDISRUPTED,123252.500000,26552.000000,0.000000,0.000000,1309.500000,67401.000000,0.000000,27990.000000,0.000000,0.803909,311,22467,0,0.000000,0.000000,0,0,0,0,0.000000,0.000000,0.000000,0.000000,,True
compact_light_comparison,primary_port_partial_capacity,12,2054,heuristic,DISRUPTED,123252.500000,26552.000000,0.000000,0.000000,1309.500000,67401.000000,0.000000,27990.000000,0.000000,0.803909,311,22467,0,0.000000,0.000000,0,0,0,12,0.000000,0.000000,0.000000,0.008305,,True
compact_light_comparison,primary_port_partial_capacity,12,2054,llm_agent,UNDISRUPTED,123252.500000,26552.000000,0.000000,0.000000,1309.500000,67401.000000,0.000000,27990.000000,0.000000,0.803909,311,22467,0,0.000000,0.000000,0,0,0,0,0.000000,0.000000,0.000000,0.000000,,True
compact_light_comparison,primary_port_partial_capacity,12,2054,llm_agent,DISRUPTED,124214.500000,26552.000000,962.000000,0.000000,1309.500000,67401.000000,0.000000,27990.000000,0.000000,0.803909,311,22467,0,0.000000,0.000000,12,0,0,12,0.000000,0.000000,0.000000,2402.104733,,True
compact_light_comparison,primary_port_partial_capacity,13,2055,heuristic,UNDISRUPTED,123522.700000,26525.000000,0.000000,0.000000,1399.700000,67878.000000,0.000000,27720.000000,0.000000,0.800518,308,22626,0,0.000000,0.000000,0,0,0,0,0.000000,0.000000,0.000000,0.000000,,True
compact_light_comparison,primary_port_partial_capacity,13,2055,heuristic,DISRUPTED,124320.700000,26525.000000,0.000000,0.000000,1399.700000,68511.000000,165.000000,27720.000000,0.000000,0.800518,308,22837,55,0.025172,2.000000,0,0,0,17,0.000000,0.000000,0.000000,0.008091,,True
compact_light_comparison,primary_port_partial_capacity,13,2055,llm_agent,UNDISRUPTED,123522.700000,26525.000000,0.000000,0.000000,1399.700000,67878.000000,0.000000,27720.000000,0.000000,0.800518,308,22626,0,0.000000,0.000000,0,0,0,0,0.000000,0.000000,0.000000,0.000000,,True
compact_light_comparison,primary_port_partial_capacity,13,2055,llm_agent,DISRUPTED,125376.700000,26525.000000,1056.000000,0.000000,1399.700000,68511.000000,165.000000,27720.000000,0.000000,0.800518,308,22837,55,0.025172,2.000000,13,0,0,17,0.000000,0.176471,0.176471,2310.102076,,True
compact_light_comparison,primary_port_partial_capacity,14,2056,heuristic,UNDISRUPTED,142675.300000,25924.000000,0.000000,0.000000,1293.300000,79728.000000,0.000000,35730.000000,0.000000,0.759540,397,26576,0,0.000000,0.000000,0,0,0,0,0.000000,0.000000,0.000000,0.000000,,True
compact_light_comparison,primary_port_partial_capacity,14,2056,heuristic,DISRUPTED,142675.300000,25924.000000,0.000000,0.000000,1293.300000,79728.000000,0.000000,35730.000000,0.000000,0.759540,397,26576,0,0.000000,0.000000,0,0,0,10,0.000000,0.000000,0.000000,0.008363,,True
compact_light_comparison,primary_port_partial_capacity,14,2056,llm_agent,UNDISRUPTED,142675.300000,25924.000000,0.000000,0.000000,1293.300000,79728.000000,0.000000,35730.000000,0.000000,0.759540,397,26576,0,0.000000,0.000000,0,0,0,0,0.000000,0.000000,0.000000,0.000000,,True
compact_light_comparison,primary_port_partial_capacity,14,2056,llm_agent,DISRUPTED,143395.300000,25924.000000,720.000000,0.000000,1293.300000,79728.000000,0.000000,35730.000000,0.000000,0.759540,397,26576,0,0.000000,0.000000,9,0,0,10,0.000000,0.000000,0.000000,2323.419054,,True
compact_light_comparison,primary_port_partial_capacity,15,2057,heuristic,UNDISRUPTED,138553.400000,27070.000000,0.000000,0.000000,1311.400000,78852.000000,0.000000,31320.000000,0.000000,0.785846,348,26284,0,0.000000,0.000000,0,0,0,0,0.000000,0.000000,0.000000,0.000000,,True
compact_light_comparison,primary_port_partial_capacity,15,2057,heuristic,DISRUPTED,138950.900000,27070.000000,0.000000,0.000000,1311.400000,79170.000000,79.500000,31320.000000,0.000000,0.785846,348,26390,53,0.023917,1.000000,0,0,0,17,0.000000,0.000000,0.000000,0.009738,,True
compact_light_comparison,primary_port_partial_capacity,15,2057,llm_agent,UNDISRUPTED,138553.400000,27070.000000,0.000000,0.000000,1311.400000,78852.000000,0.000000,31320.000000,0.000000,0.785846,348,26284,0,0.000000,0.000000,0,0,0,0,0.000000,0.000000,0.000000,0.000000,,True
compact_light_comparison,primary_port_partial_capacity,15,2057,llm_agent,DISRUPTED,139912.900000,27070.000000,962.000000,0.000000,1311.400000,79170.000000,79.500000,31320.000000,0.000000,0.785846,348,26390,53,0.023917,1.000000,12,0,0,17,0.000000,0.176471,0.176471,2464.759280,,True
compact_light_comparison,primary_port_partial_capacity,16,2058,heuristic,UNDISRUPTED,141632.700000,25993.000000,0.000000,0.000000,1306.700000,79503.000000,0.000000,34830.000000,0.000000,0.766867,387,26501,0,0.000000,0.000000,0,0,0,0,0.000000,0.000000,0.000000,0.000000,,True
compact_light_comparison,primary_port_partial_capacity,16,2058,heuristic,DISRUPTED,141632.700000,25993.000000,0.000000,0.000000,1306.700000,79503.000000,0.000000,34830.000000,0.000000,0.766867,387,26501,0,0.000000,0.000000,0,0,0,16,0.000000,0.000000,0.000000,0.007581,,True
compact_light_comparison,primary_port_partial_capacity,16,2058,llm_agent,UNDISRUPTED,141632.700000,25993.000000,0.000000,0.000000,1306.700000,79503.000000,0.000000,34830.000000,0.000000,0.766867,387,26501,0,0.000000,0.000000,0,0,0,0,0.000000,0.000000,0.000000,0.000000,,True
compact_light_comparison,primary_port_partial_capacity,16,2058,llm_agent,DISRUPTED,142812.700000,25993.000000,1180.000000,0.000000,1306.700000,79503.000000,0.000000,34830.000000,0.000000,0.766867,387,26501,0,0.000000,0.000000,16,0,0,16,0.000000,0.000000,0.000000,2419.986034,,True
compact_light_comparison,primary_port_partial_capacity,17,2059,heuristic,UNDISRUPTED,122746.600000,26641.000000,0.000000,0.000000,1212.600000,68073.000000,0.000000,26820.000000,0.000000,0.817290,298,22691,0,0.000000,0.000000,0,0,0,0,0.000000,0.000000,0.000000,0.000000,,True
compact_light_comparison,primary_port_partial_capacity,17,2059,heuristic,DISRUPTED,122746.600000,26641.000000,0.000000,0.000000,1212.600000,68073.000000,0.000000,26820.000000,0.000000,0.817290,298,22691,0,0.000000,0.000000,0,0,0,8,0.000000,0.000000,0.000000,0.014412,,True
compact_light_comparison,primary_port_partial_capacity,17,2059,llm_agent,UNDISRUPTED,122746.600000,26641.000000,0.000000,0.000000,1212.600000,68073.000000,0.000000,26820.000000,0.000000,0.817290,298,22691,0,0.000000,0.000000,0,0,0,0,0.000000,0.000000,0.000000,0.000000,,True
compact_light_comparison,primary_port_partial_capacity,17,2059,llm_agent,DISRUPTED,123354.600000,26641.000000,608.000000,0.000000,1212.600000,68073.000000,0.000000,26820.000000,0.000000,0.817290,298,22691,0,0.000000,0.000000,7,0,0,8,0.000000,0.125000,0.125000,2681.983979,,True
compact_light_comparison,primary_port_partial_capacity,18,2060,heuristic,UNDISRUPTED,134825.800000,25520.000000,0.000000,0.000000,1425.800000,73050.000000,0.000000,34830.000000,0.000000,0.754908,387,24350,0,0.000000,0.000000,0,0,0,0,0.000000,0.000000,0.000000,0.000000,,True
compact_light_comparison,primary_port_partial_capacity,18,2060,heuristic,DISRUPTED,134825.800000,25520.000000,0.000000,0.000000,1425.800000,73050.000000,0.000000,34830.000000,0.000000,0.754908,387,24350,0,0.000000,0.000000,0,0,0,22,0.000000,0.000000,0.000000,0.007208,,True
compact_light_comparison,primary_port_partial_capacity,18,2060,llm_agent,UNDISRUPTED,134825.800000,25520.000000,0.000000,0.000000,1425.800000,73050.000000,0.000000,34830.000000,0.000000,0.754908,387,24350,0,0.000000,0.000000,0,0,0,0,0.000000,0.000000,0.000000,0.000000,,True
compact_light_comparison,primary_port_partial_capacity,18,2060,llm_agent,DISRUPTED,136539.800000,25520.000000,1714.000000,0.000000,1425.800000,73050.000000,0.000000,34830.000000,0.000000,0.754908,387,24350,0,0.000000,0.000000,22,0,0,22,0.000000,0.000000,0.000000,2437.671939,,True
compact_light_comparison,primary_port_partial_capacity,19,2061,heuristic,UNDISRUPTED,142929.700000,26880.000000,0.000000,0.000000,1406.200000,80745.000000,58.500000,33840.000000,0.000000,0.764559,376,26915,39,0.017512,1.000000,0,0,0,0,0.000000,0.000000,0.000000,0.000000,,True
compact_light_comparison,primary_port_partial_capacity,19,2061,heuristic,DISRUPTED,142929.700000,26880.000000,0.000000,0.000000,1406.200000,80745.000000,58.500000,33840.000000,0.000000,0.764559,376,26915,39,0.017512,1.000000,0,0,0,14,0.000000,0.000000,0.000000,0.008696,,True
compact_light_comparison,primary_port_partial_capacity,19,2061,llm_agent,UNDISRUPTED,142929.700000,26880.000000,0.000000,0.000000,1406.200000,80745.000000,58.500000,33840.000000,0.000000,0.764559,376,26915,39,0.017512,1.000000,0,0,0,0,0.000000,0.000000,0.000000,0.000000,,True
compact_light_comparison,primary_port_partial_capacity,19,2061,llm_agent,DISRUPTED,143821.700000,26880.000000,892.000000,0.000000,1406.200000,80745.000000,58.500000,33840.000000,0.000000,0.764559,376,26915,39,0.017512,1.000000,11,0,0,14,0.000000,0.000000,0.000000,2334.768128,,True
compact_light_comparison,primary_port_partial_capacity,20,2062,heuristic,UNDISRUPTED,153369.400000,25233.000000,0.000000,0.000000,1314.400000,88032.000000,0.000000,38790.000000,0.000000,0.732962,431,29344,0,0.000000,0.000000,0,0,0,0,0.000000,0.000000,0.000000,0.000000,,True
compact_light_comparison,primary_port_partial_capacity,20,2062,heuristic,DISRUPTED,153369.400000,25233.000000,0.000000,0.000000,1314.400000,88032.000000,0.000000,38790.000000,0.000000,0.732962,431,29344,0,0.000000,0.000000,0,0,0,14,0.000000,0.000000,0.000000,0.008452,,True
compact_light_comparison,primary_port_partial_capacity,20,2062,llm_agent,UNDISRUPTED,153369.400000,25233.000000,0.000000,0.000000,1314.400000,88032.000000,0.000000,38790.000000,0.000000,0.732962,431,29344,0,0.000000,0.000000,0,0,0,0,0.000000,0.000000,0.000000,0.000000,,True
compact_light_comparison,primary_port_partial_capacity,20,2062,llm_agent,DISRUPTED,154259.400000,25233.000000,890.000000,0.000000,1314.400000,88032.000000,0.000000,38790.000000,0.000000,0.732962,431,29344,0,0.000000,0.000000,11,0,0,14,0.000000,0.000000,0.000000,2363.012756,,True
compact_light_comparison,primary_port_partial_capacity,21,2063,heuristic,UNDISRUPTED,144593.600000,26265.000000,0.000000,0.000000,1409.600000,82089.000000,0.000000,34830.000000,0.000000,0.758276,387,27363,0,0.000000,0.000000,0,0,0,0,0.000000,0.000000,0.000000,0.000000,,True
compact_light_comparison,primary_port_partial_capacity,21,2063,heuristic,DISRUPTED,144593.600000,26265.000000,0.000000,0.000000,1409.600000,82089.000000,0.000000,34830.000000,0.000000,0.758276,387,27363,0,0.000000,0.000000,0,0,0,6,0.000000,0.000000,0.000000,0.008555,,True
compact_light_comparison,primary_port_partial_capacity,21,2063,llm_agent,UNDISRUPTED,144593.600000,26265.000000,0.000000,0.000000,1409.600000,82089.000000,0.000000,34830.000000,0.000000,0.758276,387,27363,0,0.000000,0.000000,0,0,0,0,0.000000,0.000000,0.000000,0.000000,,True
compact_light_comparison,primary_port_partial_capacity,21,2063,llm_agent,DISRUPTED,144967.600000,26265.000000,374.000000,0.000000,1409.600000,82089.000000,0.000000,34830.000000,0.000000,0.758276,387,27363,0,0.000000,0.000000,5,0,0,6,0.000000,0.000000,0.000000,2424.660917,,True
compact_light_comparison,primary_port_partial_capacity,22,2064,heuristic,UNDISRUPTED,137679.400000,26958.000000,0.000000,0.000000,1563.400000,75228.000000,0.000000,33930.000000,0.000000,0.762295,377,25076,0,0.000000,0.000000,0,0,0,0,0.000000,0.000000,0.000000,0.000000,,True
compact_light_comparison,primary_port_partial_capacity,22,2064,heuristic,DISRUPTED,137799.400000,26958.000000,0.000000,0.000000,1563.400000,75348.000000,0.000000,33930.000000,0.000000,0.762295,377,25116,0,0.000000,0.000000,0,0,0,8,0.000000,0.000000,0.000000,0.007922,,True
compact_light_comparison,primary_port_partial_capacity,22,2064,llm_agent,UNDISRUPTED,137679.400000,26958.000000,0.000000,0.000000,1563.400000,75228.000000,0.000000,33930.000000,0.000000,0.762295,377,25076,0,0.000000,0.000000,0,0,0,0,0.000000,0.000000,0.000000,0.000000,,True
compact_light_comparison,primary_port_partial_capacity,22,2064,llm_agent,DISRUPTED,138375.400000,26958.000000,576.000000,0.000000,1563.400000,75348.000000,0.000000,33930.000000,0.000000,0.762295,377,25116,0,0.000000,0.000000,7,0,0,8,0.000000,0.000000,0.000000,2476.883860,,True
compact_light_comparison,primary_port_partial_capacity,23,2065,heuristic,UNDISRUPTED,137960.700000,26051.000000,0.000000,0.000000,1260.700000,77349.000000,0.000000,33300.000000,0.000000,0.774115,370,25783,0,0.000000,0.000000,0,0,0,0,0.000000,0.000000,0.000000,0.000000,,True
compact_light_comparison,primary_port_partial_capacity,23,2065,heuristic,DISRUPTED,137960.700000,26051.000000,0.000000,0.000000,1260.700000,77349.000000,0.000000,33300.000000,0.000000,0.774115,370,25783,0,0.000000,0.000000,0,0,0,10,0.000000,0.000000,0.000000,0.009521,,True
compact_light_comparison,primary_port_partial_capacity,23,2065,llm_agent,UNDISRUPTED,137960.700000,26051.000000,0.000000,0.000000,1260.700000,77349.000000,0.000000,33300.000000,0.000000,0.774115,370,25783,0,0.000000,0.000000,0,0,0,0,0.000000,0.000000,0.000000,0.000000,,True
compact_light_comparison,primary_port_partial_capacity,23,2065,llm_agent,DISRUPTED,138702.700000,26051.000000,742.000000,0.000000,1260.700000,77349.000000,0.000000,33300.000000,0.000000,0.774115,370,25783,0,0.000000,0.000000,9,0,0,10,0.000000,0.100000,0.100000,2306.293237,,True
compact_light_comparison,primary_port_partial_capacity,24,2066,heuristic,UNDISRUPTED,126611.600000,27370.000000,0.000000,0.000000,1336.600000,70455.000000,0.000000,27450.000000,0.000000,0.809850,305,23485,0,0.000000,0.000000,0,0,0,0,0.000000,0.000000,0.000000,0.000000,,True
compact_light_comparison,primary_port_partial_capacity,24,2066,heuristic,DISRUPTED,127298.600000,27370.000000,0.000000,0.000000,1336.600000,71061.000000,81.000000,27450.000000,0.000000,0.809850,305,23687,54,0.024032,1.000000,0,0,0,13,0.000000,0.000000,0.000000,0.008087,,True
compact_light_comparison,primary_port_partial_capacity,24,2066,llm_agent,UNDISRUPTED,126611.600000,27370.000000,0.000000,0.000000,1336.600000,70455.000000,0.000000,27450.000000,0.000000,0.809850,305,23485,0,0.000000,0.000000,0,0,0,0,0.000000,0.000000,0.000000,0.000000,,True
compact_light_comparison,primary_port_partial_capacity,24,2066,llm_agent,DISRUPTED,127894.600000,27370.000000,596.000000,0.000000,1336.600000,71061.000000,81.000000,27450.000000,0.000000,0.809850,305,23687,54,0.024032,1.000000,7,0,0,13,0.000000,0.384615,0.384615,2479.971827,,True
compact_light_comparison,primary_port_partial_capacity,25,2067,heuristic,UNDISRUPTED,128001.700000,26292.000000,0.000000,0.000000,1374.700000,70725.000000,0.000000,29610.000000,0.000000,0.792298,329,23575,0,0.000000,0.000000,0,0,0,0,0.000000,0.000000,0.000000,0.000000,,True
compact_light_comparison,primary_port_partial_capacity,25,2067,heuristic,DISRUPTED,128415.700000,26292.000000,0.000000,0.000000,1374.700000,71082.000000,57.000000,29610.000000,0.000000,0.792298,329,23694,38,0.017336,1.000000,0,0,0,15,0.000000,0.000000,0.000000,0.007883,,True
compact_light_comparison,primary_port_partial_capacity,25,2067,llm_agent,UNDISRUPTED,128001.700000,26292.000000,0.000000,0.000000,1374.700000,70725.000000,0.000000,29610.000000,0.000000,0.792298,329,23575,0,0.000000,0.000000,0,0,0,0,0.000000,0.000000,0.000000,0.000000,,True
compact_light_comparison,primary_port_partial_capacity,25,2067,llm_agent,DISRUPTED,129435.700000,26292.000000,1020.000000,0.000000,1374.700000,71082.000000,57.000000,29610.000000,0.000000,0.792298,329,23694,38,0.017336,1.000000,13,0,0,15,0.000000,0.000000,0.000000,2954.403225,,True
compact_light_comparison,primary_port_partial_capacity,26,2068,heuristic,UNDISRUPTED,151532.300000,26124.000000,0.000000,0.000000,1226.300000,88002.000000,0.000000,36180.000000,0.000000,0.751084,402,29334,0,0.000000,0.000000,0,0,0,0,0.000000,0.000000,0.000000,0.000000,,True
compact_light_comparison,primary_port_partial_capacity,26,2068,heuristic,DISRUPTED,154527.800000,26124.000000,0.000000,0.000000,1226.300000,90144.000000,853.500000,36180.000000,0.000000,0.751084,402,30048,103,0.048402,5.524272,0,0,0,33,0.000000,0.000000,0.000000,0.006142,,True
compact_light_comparison,primary_port_partial_capacity,26,2068,llm_agent,UNDISRUPTED,151532.300000,26124.000000,0.000000,0.000000,1226.300000,88002.000000,0.000000,36180.000000,0.000000,0.751084,402,29334,0,0.000000,0.000000,0,0,0,0,0.000000,0.000000,0.000000,0.000000,,True
compact_light_comparison,primary_port_partial_capacity,26,2068,llm_agent,DISRUPTED,155741.800000,26124.000000,1214.000000,0.000000,1226.300000,90144.000000,853.500000,36180.000000,0.000000,0.751084,402,30048,103,0.048402,5.524272,15,0,0,33,0.000000,0.424242,0.424242,2647.748186,,True
compact_light_comparison,primary_port_partial_capacity,27,2069,heuristic,UNDISRUPTED,128779.700000,26162.000000,0.000000,0.000000,1352.700000,70935.000000,0.000000,30330.000000,0.000000,0.786032,337,23645,0,0.000000,0.000000,0,0,0,0,0.000000,0.000000,0.000000,0.000000,,True
compact_light_comparison,primary_port_partial_capacity,27,2069,heuristic,DISRUPTED,129415.700000,26162.000000,0.000000,0.000000,1352.700000,71412.000000,159.000000,30330.000000,0.000000,0.786032,337,23804,53,0.024413,2.000000,0,0,0,12,0.000000,0.000000,0.000000,0.007371,,True
compact_light_comparison,primary_port_partial_capacity,27,2069,llm_agent,UNDISRUPTED,128779.700000,26162.000000,0.000000,0.000000,1352.700000,70935.000000,0.000000,30330.000000,0.000000,0.786032,337,23645,0,0.000000,0.000000,0,0,0,0,0.000000,0.000000,0.000000,0.000000,,True
compact_light_comparison,primary_port_partial_capacity,27,2069,llm_agent,DISRUPTED,130053.700000,26162.000000,638.000000,0.000000,1352.700000,71412.000000,159.000000,30330.000000,0.000000,0.786032,337,23804,53,0.024413,2.000000,8,0,0,12,0.000000,0.250000,0.250000,2375.623076,,True
compact_light_comparison,primary_port_partial_capacity,28,2070,heuristic,UNDISRUPTED,136711.900000,26642.000000,0.000000,0.000000,1286.900000,77193.000000,0.000000,31590.000000,0.000000,0.779106,351,25731,0,0.000000,0.000000,0,0,0,0,0.000000,0.000000,0.000000,0.000000,,True
compact_light_comparison,primary_port_partial_capacity,28,2070,heuristic,DISRUPTED,136711.900000,26642.000000,0.000000,0.000000,1286.900000,77193.000000,0.000000,31590.000000,0.000000,0.779106,351,25731,0,0.000000,0.000000,0,0,0,14,0.000000,0.000000,0.000000,0.008054,,True
compact_light_comparison,primary_port_partial_capacity,28,2070,llm_agent,UNDISRUPTED,136711.900000,26642.000000,0.000000,0.000000,1286.900000,77193.000000,0.000000,31590.000000,0.000000,0.779106,351,25731,0,0.000000,0.000000,0,0,0,0,0.000000,0.000000,0.000000,0.000000,,True
compact_light_comparison,primary_port_partial_capacity,28,2070,llm_agent,DISRUPTED,137547.900000,26642.000000,836.000000,0.000000,1286.900000,77193.000000,0.000000,31590.000000,0.000000,0.779106,351,25731,0,0.000000,0.000000,10,0,0,14,0.000000,0.071429,0.071429,2387.118729,,True
compact_light_comparison,primary_port_partial_capacity,29,2071,heuristic,UNDISRUPTED,130110.400000,25681.000000,0.000000,0.000000,1235.400000,72684.000000,0.000000,30510.000000,0.000000,0.787860,339,24228,0,0.000000,0.000000,0,0,0,0,0.000000,0.000000,0.000000,0.000000,,True
compact_light_comparison,primary_port_partial_capacity,29,2071,heuristic,DISRUPTED,130110.400000,25681.000000,0.000000,0.000000,1235.400000,72684.000000,0.000000,30510.000000,0.000000,0.787860,339,24228,0,0.000000,0.000000,0,0,0,22,0.000000,0.000000,0.000000,0.006487,,True
compact_light_comparison,primary_port_partial_capacity,29,2071,llm_agent,UNDISRUPTED,130110.400000,25681.000000,0.000000,0.000000,1235.400000,72684.000000,0.000000,30510.000000,0.000000,0.787860,339,24228,0,0.000000,0.000000,0,0,0,0,0.000000,0.000000,0.000000,0.000000,,True
compact_light_comparison,primary_port_partial_capacity,29,2071,llm_agent,DISRUPTED,131904.400000,25681.000000,1794.000000,0.000000,1235.400000,72684.000000,0.000000,30510.000000,0.000000,0.787860,339,24228,0,0.000000,0.000000,22,0,0,22,0.000000,0.000000,0.000000,2582.809074,,True
compact_light_comparison,primary_port_partial_capacity,30,2072,heuristic,UNDISRUPTED,117406.000000,26608.000000,0.000000,0.000000,1287.000000,62871.000000,0.000000,26640.000000,0.000000,0.813485,296,20957,0,0.000000,0.000000,0,0,0,0,0.000000,0.000000,0.000000,0.000000,,True
compact_light_comparison,primary_port_partial_capacity,30,2072,heuristic,DISRUPTED,118553.500000,26608.000000,0.000000,0.000000,1287.000000,63636.000000,382.500000,26640.000000,0.000000,0.813485,296,21212,51,0.023004,5.000000,0,0,0,23,0.000000,0.000000,0.000000,0.007295,,True
compact_light_comparison,primary_port_partial_capacity,30,2072,llm_agent,UNDISRUPTED,117406.000000,26608.000000,0.000000,0.000000,1287.000000,62871.000000,0.000000,26640.000000,0.000000,0.813485,296,20957,0,0.000000,0.000000,0,0,0,0,0.000000,0.000000,0.000000,0.000000,,True
compact_light_comparison,primary_port_partial_capacity,30,2072,llm_agent,DISRUPTED,119699.500000,26608.000000,1146.000000,0.000000,1287.000000,63636.000000,382.500000,26640.000000,0.000000,0.813485,296,21212,51,0.023004,5.000000,14,0,0,23,0.000000,0.304348,0.304348,2541.045232,,True
compact_light_comparison,primary_port_partial_capacity,31,2073,heuristic,UNDISRUPTED,152455.600000,25691.000000,0.000000,0.000000,1298.600000,86856.000000,0.000000,38610.000000,0.000000,0.735022,429,28952,0,0.000000,0.000000,0,0,0,0,0.000000,0.000000,0.000000,0.000000,,True
compact_light_comparison,primary_port_partial_capacity,31,2073,heuristic,DISRUPTED,152455.600000,25691.000000,0.000000,0.000000,1298.600000,86856.000000,0.000000,38610.000000,0.000000,0.735022,429,28952,0,0.000000,0.000000,0,0,0,14,0.000000,0.000000,0.000000,0.007125,,True
compact_light_comparison,primary_port_partial_capacity,31,2073,llm_agent,UNDISRUPTED,152455.600000,25691.000000,0.000000,0.000000,1298.600000,86856.000000,0.000000,38610.000000,0.000000,0.735022,429,28952,0,0.000000,0.000000,0,0,0,0,0.000000,0.000000,0.000000,0.000000,,True
compact_light_comparison,primary_port_partial_capacity,31,2073,llm_agent,DISRUPTED,153493.600000,25691.000000,1038.000000,0.000000,1298.600000,86856.000000,0.000000,38610.000000,0.000000,0.735022,429,28952,0,0.000000,0.000000,13,0,0,14,0.000000,0.000000,0.000000,2335.368631,,True
compact_light_comparison,primary_port_partial_capacity,32,2074,heuristic,UNDISRUPTED,123652.100000,26191.000000,0.000000,0.000000,1224.100000,68877.000000,0.000000,27360.000000,0.000000,0.808202,304,22959,0,0.000000,0.000000,0,0,0,0,0.000000,0.000000,0.000000,0.000000,,True
compact_light_comparison,primary_port_partial_capacity,32,2074,heuristic,DISRUPTED,123652.100000,26191.000000,0.000000,0.000000,1224.100000,68877.000000,0.000000,27360.000000,0.000000,0.808202,304,22959,0,0.000000,0.000000,0,0,0,16,0.000000,0.000000,0.000000,0.007786,,True
compact_light_comparison,primary_port_partial_capacity,32,2074,llm_agent,UNDISRUPTED,123652.100000,26191.000000,0.000000,0.000000,1224.100000,68877.000000,0.000000,27360.000000,0.000000,0.808202,304,22959,0,0.000000,0.000000,0,0,0,0,0.000000,0.000000,0.000000,0.000000,,True
compact_light_comparison,primary_port_partial_capacity,32,2074,llm_agent,DISRUPTED,124926.100000,26191.000000,1274.000000,0.000000,1224.100000,68877.000000,0.000000,27360.000000,0.000000,0.808202,304,22959,0,0.000000,0.000000,16,0,0,16,0.000000,0.000000,0.000000,2479.046115,,True
compact_light_comparison,primary_port_partial_capacity,33,2075,heuristic,UNDISRUPTED,134243.500000,26800.000000,0.000000,0.000000,1312.500000,75261.000000,0.000000,30870.000000,0.000000,0.788402,343,25087,0,0.000000,0.000000,0,0,0,0,0.000000,0.000000,0.000000,0.000000,,True
compact_light_comparison,primary_port_partial_capacity,33,2075,heuristic,DISRUPTED,134663.500000,26800.000000,0.000000,0.000000,1312.500000,75681.000000,0.000000,30870.000000,0.000000,0.788402,343,25227,0,0.000000,0.000000,0,0,0,13,0.000000,0.000000,0.000000,0.008718,,True
compact_light_comparison,primary_port_partial_capacity,33,2075,llm_agent,UNDISRUPTED,134243.500000,26800.000000,0.000000,0.000000,1312.500000,75261.000000,0.000000,30870.000000,0.000000,0.788402,343,25087,0,0.000000,0.000000,0,0,0,0,0.000000,0.000000,0.000000,0.000000,,True
compact_light_comparison,primary_port_partial_capacity,33,2075,llm_agent,DISRUPTED,135159.500000,26800.000000,496.000000,0.000000,1312.500000,75681.000000,0.000000,30870.000000,0.000000,0.788402,343,25227,0,0.000000,0.000000,7,0,0,13,0.000000,0.000000,0.000000,2461.938138,,True
